day,test_type,hook_template,script_line_0_2,pattern_tag,meat_type,product_step,style_id,primary_path,cta_variant_id,source_url
1,70% proven winner,[Unexpected condition] changes how [avatar/problem] works.,One weird constraint changed the whole general result.,Curiosity,Demonstration,"Show the proof fast, then make the payoff visible.",style_face_1,sub,cta_sub_1,https://www.youtube.com/shorts/Ns7DuL3esD8
2,70% proven winner,[Visible proof] reveals [surprising lesson/result].,The result looked boring until the reveal.,Narrative,Demonstration,"Show the proof fast, then make the payoff visible.",style_face_1,sub,cta_sub_2,https://www.youtube.com/shorts/xp9v6R38HEY
3,70% proven winner,[Common mistake] becomes [better path] after [specific correction].,I was doing this backwards the whole time.,Narrative,Demonstration,"Show the proof fast, then make the payoff visible.",style_face_1,sub,cta_sub_1,https://www.youtube.com/shorts/hJvquVCHVAU
4,70% proven winner,[Avatar] tries [promise] under [time/resource constraint].,The shortcut only worked when I made the test harder.,Narrative,Demonstration,"Show the proof fast, then make the payoff visible.",style_face_1,sub,cta_sub_2,https://www.youtube.com/shorts/6UUclZarhuE
5,70% proven winner,[Person/audience] reacts when [payoff] becomes visible.,They did not believe it until the result showed up.,Narrative,Demonstration,"Show the proof fast, then make the payoff visible.",style_face_1,sub,cta_sub_1,https://www.youtube.com/shorts/fJVxUHoTEGs
6,70% proven winner,[Unexpected condition] changes how [avatar/problem] works.,The normal way stopped working when this detail changed.,Curiosity,Demonstration,"Show the proof fast, then make the payoff visible.",style_face_1,sub,cta_sub_2,https://www.youtube.com/shorts/Ns7DuL3esD8
7,70% proven winner,[Visible proof] reveals [surprising lesson/result].,The proof did not show up until the final step.,Narrative,Demonstration,"Show the proof fast, then make the payoff visible.",style_face_1,sub,cta_sub_1,https://www.youtube.com/shorts/xp9v6R38HEY
8,70% proven winner,[Common mistake] becomes [better path] after [specific correction].,The obvious move was the thing breaking the result.,Narrative,Demonstration,"Show the proof fast, then make the payoff visible.",style_face_1,sub,cta_sub_2,https://www.youtube.com/shorts/hJvquVCHVAU
9,70% proven winner,[Avatar] tries [promise] under [time/resource constraint].,I tried to make this work with one constraint.,Narrative,Demonstration,"Show the proof fast, then make the payoff visible.",style_face_1,sub,cta_sub_1,https://www.youtube.com/shorts/6UUclZarhuE
10,70% proven winner,[Person/audience] reacts when [payoff] becomes visible.,The reaction made the whole point obvious.,Narrative,Demonstration,"Show the proof fast, then make the payoff visible.",style_face_1,sub,cta_sub_2,https://www.youtube.com/shorts/fJVxUHoTEGs
11,20% winner-adjacent,[Unexpected condition] changes how [avatar/problem] works.,The normal way stopped working when this detail changed.,Curiosity,Story,"Show the proof fast, then make the payoff visible.",style_face_1,sub,cta_sub_1,https://www.youtube.com/shorts/Ns7DuL3esD8
12,20% winner-adjacent,[Visible proof] reveals [surprising lesson/result].,The result looked boring until the reveal.,Narrative,Demonstration,"Show the proof fast, then make the payoff visible.",style_face_1,sub,cta_sub_2,https://www.youtube.com/shorts/xp9v6R38HEY
13,20% winner-adjacent,[Common mistake] becomes [better path] after [specific correction].,The obvious move was the thing breaking the result.,Narrative,Story,"Show the proof fast, then make the payoff visible.",style_face_1,sub,cta_sub_1,https://www.youtube.com/shorts/hJvquVCHVAU
14,10% new experiment,What if [avatar] could get [promise/payoff] under [new constraint]?,What if this works better than the obvious way?,Challenge,Demonstration,"Show the proof fast, then make the payoff visible.",style_face_1,sub,cta_sub_2,https://www.youtube.com/shorts/6UUclZarhuE
